in_transit_half_width_phase,out_of_transit_minimum_abs_phase,weighting,baseline_side,n_in,n_out,depth_percent,formal_error_percent,formal_snr
0.012,0.024,inverse_variance,both,6,8,0.9969985572629958,0.07288081694996709,13.67984881326781
0.012,0.024,inverse_variance,pre,6,5,1.013144791157694,0.08083865004948596,12.532925655456769
0.012,0.024,inverse_variance,post,6,3,0.9572067819716756,0.11287716690397682,8.48007447587659
0.012,0.024,uniform,both,6,8,1.063908585179174,0.07566563616338368,14.060657375322824
0.012,0.024,uniform,pre,6,5,1.1048567487666805,0.0836088809653348,13.21458601060295
0.012,0.024,uniform,post,6,3,0.9956616458666745,0.11519066019066385,8.643597008808293
0.012,0.028,inverse_variance,both,6,6,1.0487028909146656,0.08175148352378671,12.827937129844637
0.012,0.028,inverse_variance,pre,6,4,1.08232274497978,0.09008936769456632,12.013878803647765
0.012,0.028,inverse_variance,post,6,2,0.9457776010267094,0.14181689382476725,6.669005190561694
0.012,0.028,uniform,both,6,6,1.0991812878333285,0.0846818007389741,12.980135970673086
0.012,0.028,uniform,pre,6,4,1.1597569868666557,0.09270018643176896,12.510837696322037
0.012,0.028,uniform,post,6,2,0.9780298897666739,0.14329732046383714,6.825179191075606
0.012,0.032,inverse_variance,both,6,4,0.9958722588788604,0.0943038237604295,10.560253223758831
0.012,0.032,inverse_variance,pre,6,3,1.0473056969554473,0.10078630480984335,10.391349290277399
0.012,0.032,uniform,both,6,4,1.0461270922416777,0.09877076455230888,10.591464964186342
0.012,0.032,uniform,pre,6,3,1.133127177500004,0.10447414523942528,10.846005726136319
0.016,0.024,inverse_variance,both,8,8,0.8477084355100861,0.07001149244460886,12.108132620951759
0.016,0.024,inverse_variance,pre,8,5,0.8638546694047844,0.07826163131988861,11.038035558878686
0.016,0.024,inverse_variance,post,8,3,0.807916660218766,0.11104616338845369,7.275502687945824
0.016,0.024,uniform,both,8,8,0.8408828369749877,0.07537600880431604,11.155841896033618
0.016,0.024,uniform,pre,8,5,0.8818310005624941,0.08334686066993942,10.580254534776289
0.016,0.024,uniform,post,8,3,0.7726358976624881,0.1150006191392888,6.7185368517596515
0.016,0.028,inverse_variance,both,8,6,0.8994127691617559,0.07920417068164329,11.355623844316167
0.016,0.028,inverse_variance,pre,8,4,0.9330326232268704,0.08778433668162951,10.62869138728851
0.016,0.028,inverse_variance,post,8,2,0.7964874792737997,0.14036390906900614,5.674446405466152
0.016,0.028,uniform,both,8,6,0.876155539629142,0.08442311048317329,10.378148052289214
0.016,0.028,uniform,pre,8,4,0.9367312386624693,0.09246393227493352,10.130774407010724
0.016,0.028,uniform,post,8,2,0.7550041415624875,0.14314459912750607,5.274415843590211
0.016,0.032,inverse_variance,both,8,4,0.8465821371259508,0.09210432547315604,9.191556778434782
0.016,0.032,inverse_variance,pre,8,3,0.8980155752025376,0.09873132649898697,9.095548566459822
0.016,0.032,uniform,both,8,4,0.8231013440374912,0.09854906462014952,8.352198442573533
0.016,0.032,uniform,pre,8,3,0.9101014292958176,0.10426457322967997,8.728769524534417
0.02,0.024,inverse_variance,both,8,8,0.8477084355100861,0.07001149244460886,12.108132620951759
0.02,0.024,inverse_variance,pre,8,5,0.8638546694047844,0.07826163131988861,11.038035558878686
0.02,0.024,inverse_variance,post,8,3,0.807916660218766,0.11104616338845369,7.275502687945824
0.02,0.024,uniform,both,8,8,0.8408828369749877,0.07537600880431604,11.155841896033618
0.02,0.024,uniform,pre,8,5,0.8818310005624941,0.08334686066993942,10.580254534776289
0.02,0.024,uniform,post,8,3,0.7726358976624881,0.1150006191392888,6.7185368517596515
0.02,0.028,inverse_variance,both,8,6,0.8994127691617559,0.07920417068164329,11.355623844316167
0.02,0.028,inverse_variance,pre,8,4,0.9330326232268704,0.08778433668162951,10.62869138728851
0.02,0.028,inverse_variance,post,8,2,0.7964874792737997,0.14036390906900614,5.674446405466152
0.02,0.028,uniform,both,8,6,0.876155539629142,0.08442311048317329,10.378148052289214
0.02,0.028,uniform,pre,8,4,0.9367312386624693,0.09246393227493352,10.130774407010724
0.02,0.028,uniform,post,8,2,0.7550041415624875,0.14314459912750607,5.274415843590211
0.02,0.032,inverse_variance,both,8,4,0.8465821371259508,0.09210432547315604,9.191556778434782
0.02,0.032,inverse_variance,pre,8,3,0.8980155752025376,0.09873132649898697,9.095548566459822
0.02,0.032,uniform,both,8,4,0.8231013440374912,0.09854906462014952,8.352198442573533
0.02,0.032,uniform,pre,8,3,0.9101014292958176,0.10426457322967997,8.728769524534417
0.024,0.024,inverse_variance,both,10,8,0.7097033369310557,0.06754490953535786,10.50713283670246
0.024,0.024,inverse_variance,pre,10,5,0.725849570825754,0.0760630571740863,9.542734644026924
0.024,0.024,inverse_variance,post,10,3,0.6699115616397355,0.10950779028504459,6.1174785820806115
0.024,0.024,uniform,both,10,8,0.6949714557924924,0.07199764365734879,9.65269723409284
0.024,0.024,uniform,pre,10,5,0.7359196193799988,0.08030452772089841,9.164111168646889
0.024,0.024,uniform,post,10,3,0.6267245164799928,0.11281516029045924,5.555321774718915
0.024,0.028,inverse_variance,both,10,6,0.7614076705827255,0.07703250212205907,9.884239114760474
0.024,0.028,inverse_variance,pre,10,4,0.79502752464784,0.08583003842741675,9.262812171756918
0.024,0.028,inverse_variance,post,10,2,0.6584823806947693,0.13915003664731954,4.732175402610314
0.024,0.028,uniform,both,10,6,0.7302441584466468,0.08142100203630714,8.968744429367465
0.024,0.028,uniform,pre,10,4,0.7908198574799741,0.08973124740404394,8.813204768223628
0.024,0.028,uniform,post,10,2,0.6090927603799923,0.14139481690753963,4.307744609749649
0.024,0.032,inverse_variance,both,10,4,0.7085770385469203,0.09024362858774693,7.851823443224548
0.024,0.032,inverse_variance,pre,10,3,0.7600104766235072,0.09699783792470695,7.835334197999891
0.024,0.032,uniform,both,10,4,0.677189962854996,0.0959897709469538,7.054813822081387
0.024,0.032,uniform,pre,10,3,0.7641900481133224,0.10184900205554076,7.503166773264904
0.028,0.028,inverse_variance,both,12,6,0.6789559171473947,0.07563023352194256,8.977308220930054
0.028,0.028,inverse_variance,pre,12,4,0.7125757712125091,0.08457376269180863,8.425494485910173
0.028,0.028,inverse_variance,post,12,2,0.5760306272594384,0.1383786780481332,4.16271231510879
0.028,0.028,uniform,both,12,6,0.6320519338083197,0.07964133360383202,7.936229909865647
0.028,0.028,uniform,pre,12,4,0.692627632841647,0.08811957334375983,7.860088361295898
0.028,0.028,uniform,post,12,2,0.5109005357416652,0.1403775505339696,3.6394746439035037
0.028,0.032,inverse_variance,both,12,4,0.6261252851115895,0.08904963975267807,7.031193914434218
0.028,0.032,inverse_variance,pre,12,3,0.6775587231881763,0.09588798882793531,7.066148028237519
0.028,0.032,uniform,both,12,4,0.5789977382166689,0.09448491187511995,6.127938595973145
0.028,0.032,uniform,pre,12,3,0.6659978234749953,0.10043197531319431,6.631332515347823
