omitted_index,omitted_phase,omitted_group,depth_percent,formal_error_percent,formal_snr
0,-0.041946389761,out,0.8259590848444631,0.07193591240922127,11.481874034568937
1,-0.038316831683,out,0.8482843775759252,0.07396918357319296,11.468078145496126
2,-0.033651291958,out,0.8479006285590951,0.07347314328744853,11.540279762386898
3,-0.029250181116,out,0.8189249267485543,0.07328261713231288,11.17488647096177
4,-0.024747645496,out,0.8882653945715302,0.07499298954696244,11.84464574539033
6,-0.015749818884,in,0.9613666169439261,0.07220245551683586,13.314874266565058
7,-0.011250905578,in,1.0031758453531658,0.07301652111978535,13.739025496810946
8,-0.006751992272,in,0.7967811597676344,0.07277443142520279,10.948641496245315
9,-0.002253078966,in,0.7531128550858801,0.07188744568232036,10.47627785265845
10,0.002249456653,in,0.7474237394138772,0.07178464382248978,10.412028250249714
11,0.006751992272,in,0.7792161364212014,0.07183823941875271,10.846815605809434
12,0.011250905578,in,0.874930797527318,0.07151085687168429,12.234936564908633
13,0.015749818884,in,0.8737580923624755,0.07052411269631201,12.38949430140321
15,0.024747645496,out,0.8509085992882137,0.07287291607884369,11.676609707337452
16,0.029250181116,out,0.8353895785916055,0.07225394052520247,11.561854931638202
17,0.033738227481,out,0.8690881240346671,0.07169980608266165,12.121206060623207
